Timestamp,URL,IP
1657628632,/index.html,156.34.23.65
1422455635,/admin/console.html,123.43.54.5
1765234233,/contact.html,132.98.43.1
1234213411,/index.html,156.34.23.65
3242342343,/logout.html,123.43.54.165
1343243423,/support.html,156.34.23.65
1657628632,/index.html,156.34.23.65
1422455635,/admin/console.html,123.43.54.165
1765234233,/contact.html,132.98.43.1
1234213411,/index.html,156.34.23.1
3242342343,/logout.html,123.43.54.16
1343243423,/support.html,156.34.23.61
1657628632,/index.html,156.34.23.65
1422455635,/admin/console.html,123.43.54.165
1765234233,/contact.html,132.98.43.1
1234213411,/index.html,156.34.23.65
3242342343,/logout.html,123.43.54.165
1343243423,/support.html,156.34.23.65
1657628632,/index.html,156.34.23.65
1422455635,/admin/console.html,123.43.54.165
1765234233,/contact.html,132.98.43.1
1234213411,/index.html,156.34.23.65
3242342343,/logout.html,123.43.54.3
1343243423,/support.html,156.34.23.65
